<?xml version="1.0" encoding="UTF-8"?>
<project-private xmlns="http://www.netbeans.org/ns/project-private/1">
    <editor-bookmarks xmlns="http://www.netbeans.org/ns/editor-bookmarks/2" lastBookmarkId="0"/>
    <open-files xmlns="http://www.netbeans.org/ns/projectui-open-files/2">
        <group>
            <file>file:/C:/Users/Estudiante/Desktop/alquiler-auto/src/umag/gui/FormListar.java</file>
            <file>file:/C:/Users/Estudiante/Desktop/alquiler-auto/src/umag/datos/Auto.java</file>
            <file>file:/C:/Users/Estudiante/Desktop/alquiler-auto/src/umag/gui/Menu.java</file>
            <file>file:/C:/Users/Estudiante/Desktop/alquiler-auto/src/umag/datos/Concesionario.java</file>
        </group>
    </open-files>
</project-private>
